first_name,last_name,dob,email
Sara,Hernandez,1969-05-17,roachandrew@gmail.com
Maria,Rodriguez,1960-12-14,anna21@gmail.com
Catherine,Hodge,1967-02-17,james41@hotmail.com
Sara,Hernandez,1969-05-17,roachandrew@gmail.com
Maria,Rodriguez,1960-12-14,anna21@gmail.com
Catherine,Hodge,1967-02-17,james41@hotmail.com
Sara,Hernandez,1969-05-17,roachandrew@gmail.com
Maria,Rodriguez,1960-12-14,anna21@gmail.com
Catherine,Hodge,1967-02-17,james41@hotmail.com
Sara,Hernandez,1969-05-17,roachandrew@gmail.com
Maria,Rodriguez,1960-12-14,anna21@gmail.com
Catherine,Hodge,1967-02-17,james41@hotmail.com
Sara,Hernandez,1969-05-17,roachandrew@gmail.com
Maria,Rodriguez,1960-12-14,anna21@gmail.com
Catherine,Hodge,1967-02-17,james41@hotmail.com
